DATE,INDPRO
1919/1/1,4.8654
1919/2/1,4.6504
1919/3/1,4.516
1919/4/1,4.5966
1919/5/1,4.6235
1919/6/1,4.9192
1919/7/1,5.2149
1919/8/1,5.2955
1919/9/1,5.188
1919/10/1,5.1342
1919/11/1,5.0536
1919/12/1,5.1342
1920/1/1,5.6181
1920/2/1,5.6181
1920/3/1,5.5106
1920/4/1,5.2149
1920/5/1,5.3493
1920/6/1,5.403
1920/7/1,5.2686
1920/8/1,5.2955
1920/9/1,5.1073
1920/10/1,4.8923
1920/11/1,4.4891
1920/12/1,4.2203
1921/1/1,3.9784
1921/2/1,3.8977
1921/3/1,3.7902
1921/4/1,3.7902
1921/5/1,3.8977
1921/6/1,3.8708
1921/7/1,3.8439
1921/8/1,3.9784
1921/9/1,4.0052
1921/10/1,4.2472
1921/11/1,4.1934
1921/12/1,4.1665
1922/1/1,4.3278
1922/2/1,4.516
1922/3/1,4.7579
1922/4/1,4.5966
1922/5/1,4.8385
1922/6/1,5.0805
1922/7/1,5.0805
1922/8/1,4.9729
1922/9/1,5.2417
1922/10/1,5.5374
1922/11/1,5.7794
1922/12/1,5.9406
1923/1/1,5.8062
1923/2/1,5.8869
1923/3/1,6.0751
1923/4/1,6.2095
1923/5/1,6.2901
1923/6/1,6.2363
1923/7/1,6.1826
1923/8/1,6.0751
1923/9/1,5.9406
1923/10/1,5.9138
1923/11/1,5.9138
1923/12/1,5.7794
1924/1/1,5.9138
1924/2/1,6.0213
1924/3/1,5.9138
1924/4/1,5.7256
1924/5/1,5.4837
1924/6/1,5.2417
1924/7/1,5.1611
1924/8/1,5.3493
1924/9/1,5.5374
1924/10/1,5.6718
1924/11/1,5.7794
1924/12/1,5.9406
1925/1/1,6.1288
1925/2/1,6.1288
1925/3/1,6.1288
1925/4/1,6.1826
1925/5/1,6.1557
1925/6/1,6.1019
1925/7/1,6.2632
1925/8/1,6.1557
1925/9/1,6.0751
1925/10/1,6.317
1925/11/1,6.4514
1925/12/1,6.532
1926/1/1,6.4245
1926/2/1,6.4245
1926/3/1,6.5051
1926/4/1,6.5051
1926/5/1,6.4514
1926/6/1,6.532
1926/7/1,6.5589
1926/8/1,6.6396
1926/9/1,6.7471
1926/10/1,6.7471
1926/11/1,6.7202
1926/12/1,6.6933
1927/1/1,6.6664
1927/2/1,6.7202
1927/3/1,6.8008
1927/4/1,6.6396
1927/5/1,6.6933
1927/6/1,6.6664
1927/7/1,6.5858
1927/8/1,6.5858
1927/9/1,6.4783
1927/10/1,6.3439
1927/11/1,6.3439
1927/12/1,6.3707
1928/1/1,6.5051
1928/2/1,6.5589
1928/3/1,6.6127
1928/4/1,6.5858
1928/5/1,6.6664
1928/6/1,6.7202
1928/7/1,6.8008
1928/8/1,6.9352
1928/9/1,6.989
1928/10/1,7.1234
1928/11/1,7.2578
1928/12/1,7.3922
1929/1/1,7.4997
1929/2/1,7.4728
1929/3/1,7.4997
1929/4/1,7.6341
1929/5/1,7.7685
1929/6/1,7.8223
1929/7/1,7.9298
1929/8/1,7.8492
1929/9/1,7.7954
1929/10/1,7.661
1929/11/1,7.2847
1929/12/1,6.9621
1930/1/1,6.9621
1930/2/1,6.9352
1930/3/1,6.8277
1930/4/1,6.774
1930/5/1,6.6664
1930/6/1,6.4783
1930/7/1,6.1826
1930/8/1,6.0482
1930/9/1,5.9406
1930/10/1,5.7794
1930/11/1,5.645
1930/12/1,5.5106
1931/1/1,5.4837
1931/2/1,5.5106
1931/3/1,5.6181
1931/4/1,5.645
1931/5/1,5.5643
1931/6/1,5.4299
1931/7/1,5.3493
1931/8/1,5.1611
1931/9/1,4.9192
1931/10/1,4.731
1931/11/1,4.6772
1931/12/1,4.6504
1932/1/1,4.516
1932/2/1,4.4084
1932/3/1,4.3547
1932/4/1,4.059
1932/5/1,3.9246
1932/6/1,3.7902
1932/7/1,3.6827
1932/8/1,3.7902
1932/9/1,4.0321
1932/10/1,4.1665
1932/11/1,4.1665
1932/12/1,4.0859
1933/1/1,4.0052
1933/2/1,4.0321
1933/3/1,3.7902
1933/4/1,4.059
1933/5/1,4.731
1933/6/1,5.4568
1933/7/1,5.9675
1933/8/1,5.7256
1933/9/1,5.403
1933/10/1,5.1342
1933/11/1,4.8385
1933/12/1,4.8654
1934/1/1,5.0267
1934/2/1,5.2686
1934/3/1,5.5106
1934/4/1,5.5106
1934/5/1,5.6181
1934/6/1,5.5106
1934/7/1,5.1342
1934/8/1,5.0805
1934/9/1,4.7848
1934/10/1,4.9998
1934/11/1,5.0536
1934/12/1,5.3761
1935/1/1,5.8062
1935/2/1,5.9138
1935/3/1,5.8869
1935/4/1,5.7794
1935/5/1,5.7794
1935/6/1,5.86
1935/7/1,5.86
1935/8/1,6.075
1935/9/1,6.2363
1935/10/1,6.4245
1935/11/1,6.5589
1935/12/1,6.6395
1936/1/1,6.532
1936/2/1,6.3707
1936/3/1,6.4514
1936/4/1,6.8546
1936/5/1,6.989
1936/6/1,7.1234
1936/7/1,7.2578
1936/8/1,7.3653
1936/9/1,7.4997
1936/10/1,7.6073
1936/11/1,7.8223
1936/12/1,8.0642
1937/1/1,8.0373
1937/2/1,8.1449
1937/3/1,8.333
1937/4/1,8.333
1937/5/1,8.3599
1937/6/1,8.2524
1937/7/1,8.3062
1937/8/1,8.2524
1937/9/1,7.9836
1937/10/1,7.3922
1937/11/1,6.6664
1937/12/1,6.075
1938/1/1,5.9406
1938/2/1,5.8869
1938/3/1,5.8869
1938/4/1,5.7794
1938/5/1,5.645
1938/6/1,5.6987
1938/7/1,6.0213
1938/8/1,6.3439
1938/9/1,6.532
1938/10/1,6.6933
1938/11/1,6.9621
1938/12/1,7.0428
1939/1/1,7.0428
1939/2/1,7.0965
1939/3/1,7.1234
1939/4/1,7.0965
1939/5/1,7.0696
1939/6/1,7.2309
1939/7/1,7.446
1939/8/1,7.5535
1939/9/1,8.0105
1939/10/1,8.4137
1939/11/1,8.6287
1939/12/1,8.6287
1940/1/1,8.5212
1940/2/1,8.2524
1940/3/1,8.0642
1940/4/1,8.2255
1940/5/1,8.4674
1940/6/1,8.7362
1940/7/1,8.8438
1940/8/1,8.8975
1940/9/1,9.0857
1940/10/1,9.2201
1940/11/1,9.4351
1940/12/1,9.7577
1941/1/1,9.9996
1941/2/1,10.2953
1941/3/1,10.6179
1941/4/1,10.6448
1941/5/1,11.1286
1941/6/1,11.2093
1941/7/1,11.3437
1941/8/1,11.4781
1941/9/1,11.4781
1941/10/1,11.5856
1941/11/1,11.6394
1941/12/1,11.8275
1942/1/1,12.0695
1942/2/1,12.2845
1942/3/1,12.4189
1942/4/1,12.0695
1942/5/1,12.0963
1942/6/1,12.1232
1942/7/1,12.4189
1942/8/1,12.7952
1942/9/1,13.0909
1942/10/1,13.521
1942/11/1,13.8436
1942/12/1,14.1662
1943/1/1,14.3006
1943/2/1,14.6769
1943/3/1,14.7844
1943/4/1,14.9726
1943/5/1,15.0801
1943/6/1,14.9995
1943/7/1,15.4564
1943/8/1,15.779
1943/9/1,16.1822
1943/10/1,16.4241
1943/11/1,16.6392
1943/12/1,16.4241
1944/1/1,16.6123
1944/2/1,16.7467
1944/3/1,16.7198
1944/4/1,16.7198
1944/5/1,16.6123
1944/6/1,16.5585
1944/7/1,16.5317
1944/8/1,16.7467
1944/9/1,16.6392
1944/10/1,16.693
1944/11/1,16.5585
1944/12/1,16.5048
1945/1/1,16.3435
1945/2/1,16.2897
1945/3/1,16.1822
1945/4/1,15.8865
1945/5/1,15.4564
1945/6/1,15.107
1945/7/1,14.7576
1945/8/1,13.2253
1945/9/1,12.0426
1945/10/1,11.5587
1945/11/1,11.9888
1945/12/1,12.0426
1946/1/1,11.3706
1946/2/1,10.8061
1946/3/1,11.9351
1946/4/1,11.72
1946/5/1,11.2899
1946/6/1,11.9888
1946/7/1,12.392
1946/8/1,12.849
1946/9/1,13.0909
1946/10/1,13.3329
1946/11/1,13.4135
1946/12/1,13.4941
1947/1/1,13.6554
1947/2/1,13.7361
1947/3/1,13.8167
1947/4/1,13.7092
1947/5/1,13.7629
1947/6/1,13.7629
1947/7/1,13.6823
1947/8/1,13.7629
1947/9/1,13.8705
1947/10/1,14.0049
1947/11/1,14.193
1947/12/1,14.2468
1948/1/1,14.3274
1948/2/1,14.3543
1948/3/1,14.1931
1948/4/1,14.2199
1948/5/1,14.4618
1948/6/1,14.65
1948/7/1,14.65
1948/8/1,14.5962
1948/9/1,14.4887
1948/10/1,14.5963
1948/11/1,14.4081
1948/12/1,14.2737
1949/1/1,14.1393
1949/2/1,14.0049
1949/3/1,13.7361
1949/4/1,13.6554
1949/5/1,13.4673
1949/6/1,13.4404
1949/7/1,13.4135
1949/8/1,13.5479
1949/9/1,13.6823
1949/10/1,13.1716
1949/11/1,13.521
1949/12/1,13.7629
1950/1/1,14.0049
1950/2/1,14.0586
1950/3/1,14.5156
1950/4/1,14.9995
1950/5/1,15.3489
1950/6/1,15.8059
1950/7/1,16.3166
1950/8/1,16.8274
1950/9/1,16.7198
1950/10/1,16.8273
1950/11/1,16.8005
1950/12/1,17.0962
1951/1/1,17.1499
1951/2/1,17.2575
1951/3/1,17.3381
1951/4/1,17.365
1951/5/1,17.3112
1951/6/1,17.2306
1951/7/1,16.9618
1951/8/1,16.8005
1951/9/1,16.908
1951/10/1,16.8811
1951/11/1,17.0155
1951/12/1,17.123
1952/1/1,17.3112
1952/2/1,17.4187
1952/3/1,17.4725
1952/4/1,17.3112
1952/5/1,17.1499
1952/6/1,16.9886
1952/7/1,16.7198
1952/8/1,17.7951
1952/9/1,18.4402
1952/10/1,18.6284
1952/11/1,19.0047
1952/12/1,19.1122
1953/1/1,19.166
1953/2/1,19.2735
1953/3/1,19.4348
1953/4/1,19.5154
1953/5/1,19.6229
1953/6/1,19.5423
1953/7/1,19.7842
1953/8/1,19.6767
1953/9/1,19.2735
1953/10/1,19.1122
1953/11/1,18.6553
1953/12/1,18.1983
1954/1/1,18.0639
1954/2/1,18.1176
1954/3/1,18.0101
1954/4/1,17.9026
1954/5/1,18.0101
1954/6/1,18.0639
1954/7/1,18.0907
1954/8/1,18.0639
1954/9/1,18.0908
1954/10/1,18.3058
1954/11/1,18.6015
1954/12/1,18.8434
1955/1/1,19.2735
1955/2/1,19.5154
1955/3/1,19.9724
1955/4/1,20.2143
1955/5/1,20.5369
1955/6/1,20.5638
1955/7/1,20.7251
1955/8/1,20.6982
1955/9/1,20.8326
1955/10/1,21.182
1955/11/1,21.2358
1955/12/1,21.3164
1956/1/1,21.4508
1956/2/1,21.2627
1956/3/1,21.2627
1956/4/1,21.424
1956/5/1,21.2358
1956/6/1,21.0476
1956/7/1,20.4025
1956/8/1,21.2358
1956/9/1,21.7197
1956/10/1,21.9078
1956/11/1,21.7197
1956/12/1,22.0422
1957/1/1,21.9616
1957/2/1,22.1766
1957/3/1,22.1498
1957/4/1,21.8541
1957/5/1,21.7734
1957/6/1,21.8272
1957/7/1,21.9616
1957/8/1,21.9616
1957/9/1,21.7734
1957/10/1,21.4508
1957/11/1,20.9401
1957/12/1,20.5369
1958/1/1,20.1606
1958/2/1,19.7305
1958/3/1,19.4885
1958/4/1,19.166
1958/5/1,19.3541
1958/6/1,19.8649
1958/7/1,20.1606
1958/8/1,20.5638
1958/9/1,20.752
1958/10/1,20.9939
1958/11/1,21.6121
1958/12/1,21.639
1959/1/1,21.9616
1959/2/1,22.3917
1959/3/1,22.7142
1959/4/1,23.1981
1959/5/1,23.5476
1959/6/1,23.5744
1959/7/1,23.0099
1959/8/1,22.2304
1959/9/1,22.2035
1959/10/1,22.0422
1959/11/1,22.1766
1959/12/1,23.5475
1960/1/1,24.1658
1960/2/1,23.9508
1960/3/1,23.7357
1960/4/1,23.5476
1960/5/1,23.5207
1960/6/1,23.225
1960/7/1,23.1443
1960/8/1,23.1175
1960/9/1,22.8755
1960/10/1,22.8487
1960/11/1,22.5261
1960/12/1,22.096
1961/1/1,22.1229
1961/2/1,22.096
1961/3/1,22.2304
1961/4/1,22.6874
1961/5/1,23.0368
1961/6/1,23.3594
1961/7/1,23.6282
1961/8/1,23.8432
1961/9/1,23.8164
1961/10/1,24.2733
1961/11/1,24.6497
1961/12/1,24.8647
1962/1/1,24.6496
1962/2/1,25.0529
1962/3/1,25.1873
1962/4/1,25.241
1962/5/1,25.2141
1962/6/1,25.1604
1962/7/1,25.4023
1962/8/1,25.4292
1962/9/1,25.5905
1962/10/1,25.6174
1962/11/1,25.7249
1962/12/1,25.7249
1963/1/1,25.913
1963/2/1,26.2088
1963/3/1,26.37
1963/4/1,26.612
1963/5/1,26.9345
1963/6/1,27.0152
1963/7/1,26.9076
1963/8/1,26.9614
1963/9/1,27.2302
1963/10/1,27.4184
1963/11/1,27.5528
1963/12/1,27.499
1964/1/1,27.7409
1964/2/1,27.9291
1964/3/1,27.9291
1964/4/1,28.3861
1964/5/1,28.5474
1964/6/1,28.628
1964/7/1,28.8162
1964/8/1,29.0043
1964/9/1,29.1119
1964/10/1,28.7087
1964/11/1,29.5957
1964/12/1,29.9452
1965/1/1,30.2677
1965/2/1,30.4559
1965/3/1,30.8591
1965/4/1,30.9935
1965/5/1,31.2354
1965/6/1,31.4774
1965/7/1,31.7731
1965/8/1,31.9075
1965/9/1,31.9881
1965/10/1,32.3107
1965/11/1,32.4451
1965/12/1,32.8483
1966/1/1,33.1709
1966/2/1,33.3859
1966/3/1,33.8429
1966/4/1,33.8967
1966/5/1,34.2192
1966/6/1,34.3805
1966/7/1,34.5687
1966/8/1,34.5955
1966/9/1,34.9181
1966/10/1,35.16
1966/11/1,34.9181
1966/12/1,34.9987
1967/1/1,35.1638
1967/2/1,34.765
1967/3/1,34.5691
1967/4/1,34.8951
1967/5/1,34.5907
1967/6/1,34.5863
1967/7/1,34.5076
1967/8/1,35.1687
1967/9/1,35.1116
1967/10/1,35.3976
1967/11/1,35.9038
1967/12/1,36.2905
1968/1/1,36.2514
1968/2/1,36.3813
1968/3/1,36.4949
1968/4/1,36.5477
1968/5/1,36.9577
1968/6/1,37.0934
1968/7/1,37.0366
1968/8/1,37.1399
1968/9/1,37.2806
1968/10/1,37.3546
1968/11/1,37.8378
1968/12/1,37.9573
1969/1/1,38.1869
1969/2/1,38.4313
1969/3/1,38.7326
1969/4/1,38.5901
1969/5/1,38.4443
1969/6/1,38.8198
1969/7/1,39.0248
1969/8/1,39.1145
1969/9/1,39.1057
1969/10/1,39.1171
1969/11/1,38.7484
1969/12/1,38.6444
1970/1/1,37.9288
1970/2/1,37.9038
1970/3/1,37.8546
1970/4/1,37.7573
1970/5/1,37.7133
1970/6/1,37.5913
1970/7/1,37.6836
1970/8/1,37.6164
1970/9/1,37.3571
1970/10/1,36.6098
1970/11/1,36.3881
1970/12/1,37.2237
1971/1/1,37.5101
1971/2/1,37.4386
1971/3/1,37.398
1971/4/1,37.608
1971/5/1,37.7989
1971/6/1,37.9574
1971/7/1,37.8472
1971/8/1,37.6276
1971/9/1,38.2391
1971/10/1,38.5253
1971/11/1,38.6888
1971/12/1,39.1355
1972/1/1,40.0728
1972/2/1,40.4789
1972/3/1,40.761
1972/4/1,41.1654
1972/5/1,41.1693
1972/6/1,41.2778
1972/7/1,41.2389
1972/8/1,41.805
1972/9/1,42.1288
1972/10/1,42.6703
1972/11/1,43.1755
1972/12/1,43.6617
1973/1/1,43.9783
1973/2/1,44.6103
1973/3/1,44.6294
1973/4/1,44.568
1973/5/1,44.8608
1973/6/1,44.9186
1973/7/1,45.085
1973/8/1,45.0221
1973/9/1,45.3801
1973/10/1,45.7462
1973/11/1,45.9548
1973/12/1,45.8252
1974/1/1,45.5207
1974/2/1,45.3825
1974/3/1,45.3798
1974/4/1,45.247
1974/5/1,45.6083
1974/6/1,45.5216
1974/7/1,45.6136
1974/8/1,45.1303
1974/9/1,45.1377
1974/10/1,44.995
1974/11/1,43.5148
1974/12/1,41.9503
1975/1/1,41.3689
1975/2/1,40.4252
1975/3/1,39.9804
1975/4/1,40.0572
1975/5/1,39.9402
1975/6/1,40.1927
1975/7/1,40.6115
1975/8/1,41.0114
1975/9/1,41.5422
1975/10/1,41.7224
1975/11/1,41.7797
1975/12/1,42.3462
1976/1/1,42.9082
1976/2/1,43.3407
1976/3/1,43.4281
1976/4/1,43.6518
1976/5/1,43.8315
1976/6/1,43.8775
1976/7/1,44.1248
1976/8/1,44.4262
1976/9/1,44.5711
1976/10/1,44.56
1976/11/1,45.2454
1976/12/1,45.731
1977/1/1,45.4156
1977/2/1,46.1358
1977/3/1,46.7158
1977/4/1,47.1719
1977/5/1,47.541
1977/6/1,47.9063
1977/7/1,47.9714
1977/8/1,48.0157
1977/9/1,48.2097
1977/10/1,48.2839
1977/11/1,48.3755
1977/12/1,48.4573
1978/1/1,47.7512
1978/2/1,48.0098
1978/3/1,48.9358
1978/4/1,49.9074
1978/5/1,50.1513
1978/6/1,50.4751
1978/7/1,50.4371
1978/8/1,50.6393
1978/9/1,50.7631
1978/10/1,51.1523
1978/11/1,51.5456
1978/12/1,51.806
1979/1/1,51.525
1979/2/1,51.778
1979/3/1,51.9382
1979/4/1,51.3251
1979/5/1,51.7782
1979/6/1,51.7865
1979/7/1,51.7029
1979/8/1,51.3658
1979/9/1,51.3623
1979/10/1,51.7175
1979/11/1,51.6341
1979/12/1,51.6694
1980/1/1,51.944
1980/2/1,51.9633
1980/3/1,51.7454
1980/4/1,50.7197
1980/5/1,49.4766
1980/6/1,48.8383
1980/7/1,48.4907
1980/8/1,48.6456
1980/9/1,49.4578
1980/10/1,50.0861
1980/11/1,50.9209
1980/12/1,51.257
1981/1/1,50.9328
1981/2/1,50.7237
1981/3/1,50.9806
1981/4/1,50.7661
1981/5/1,51.0552
1981/6/1,51.3214
1981/7/1,51.6555
1981/8/1,51.5903
1981/9/1,51.3429
1981/10/1,50.9463
1981/11/1,50.3546
1981/12/1,49.8086
1982/1/1,48.7877
1982/2/1,49.7839
1982/3/1,49.4477
1982/4/1,48.9913
1982/5/1,48.6669
1982/6/1,48.5415
1982/7/1,48.3775
1982/8/1,47.9382
1982/9/1,47.8139
1982/10/1,47.3575
1982/11/1,47.2078
1982/12/1,46.8713
1983/1/1,47.7398
1983/2/1,47.4484
1983/3/1,47.8426
1983/4/1,48.4483
1983/5/1,48.747
1983/6/1,49.0434
1983/7/1,49.7739
1983/8/1,50.364
1983/9/1,51.0937
1983/10/1,51.4902
1983/11/1,51.721
1983/12/1,51.9769
1984/1/1,53.0088
1984/2/1,53.2486
1984/3/1,53.5028
1984/4/1,53.8233
1984/5/1,54.1104
1984/6/1,54.3075
1984/7/1,54.4587
1984/8/1,54.5239
1984/9/1,54.3696
1984/10/1,54.3474
1984/11/1,54.529
1984/12/1,54.5556
1985/1/1,54.527
1985/2/1,54.6871
1985/3/1,54.7673
1985/4/1,54.6467
1985/5/1,54.7396
1985/6/1,54.711
1985/7/1,54.4365
1985/8/1,54.6121
1985/9/1,54.8147
1985/10/1,54.6228
1985/11/1,54.8123
1985/12/1,55.3553
1986/1/1,55.6453
1986/2/1,55.2634
1986/3/1,54.8728
1986/4/1,54.935
1986/5/1,55.0399
1986/6/1,54.826
1986/7/1,55.167
1986/8/1,55.0726
1986/9/1,55.2237
1986/10/1,55.4589
1986/11/1,55.6763
1986/12/1,56.2078
1987/1/1,55.9911
1987/2/1,56.7373
1987/3/1,56.8136
1987/4/1,57.185
1987/5/1,57.5424
1987/6/1,57.8502
1987/7/1,58.2421
1987/8/1,58.6784
1987/9/1,58.9088
1987/10/1,59.7008
1987/11/1,59.9956
1987/12/1,60.3246
1988/1/1,60.309
1988/2/1,60.6122
1988/3/1,60.7452
1988/4/1,61.108
1988/5/1,60.9843
1988/6/1,61.1615
1988/7/1,61.171
1988/8/1,61.4771
1988/9/1,61.2785
1988/10/1,61.5488
1988/11/1,61.7049
1988/12/1,61.9851
1989/1/1,62.1677
1989/2/1,61.8916
1989/3/1,62.0508
1989/4/1,62.0289
1989/5/1,61.6871
1989/6/1,61.6857
1989/7/1,61.0896
1989/8/1,61.6847
1989/9/1,61.4794
1989/10/1,61.4014
1989/11/1,61.6081
1989/12/1,61.9588
1990/1/1,61.6352
1990/2/1,62.1951
1990/3/1,62.4916
1990/4/1,62.3511
1990/5/1,62.5353
1990/6/1,62.7479
1990/7/1,62.6435
1990/8/1,62.8704
1990/9/1,62.8839
1990/10/1,62.4973
1990/11/1,61.7175
1990/12/1,61.2885
1991/1/1,61.0842
1991/2/1,60.6387
1991/3/1,60.2973
1991/4/1,60.4524
1991/5/1,61.0587
1991/6/1,61.5514
1991/7/1,61.7201
1991/8/1,61.7289
1991/9/1,62.2369
1991/10/1,62.1718
1991/11/1,62.0894
1991/12/1,61.806
1992/1/1,61.4823
1992/2/1,61.9192
1992/3/1,62.4403
1992/4/1,62.9199
1992/5/1,63.1268
1992/6/1,63.1624
1992/7/1,63.7348
1992/8/1,63.3802
1992/9/1,63.5834
1992/10/1,64.0178
1992/11/1,64.2628
1992/12/1,64.3599
1993/1/1,64.6135
1993/2/1,64.9262
1993/3/1,64.8627
1993/4/1,65.0423
1993/5/1,64.8006
1993/6/1,64.9476
1993/7/1,65.1142
1993/8/1,65.0421
1993/9/1,65.3749
1993/10/1,65.863
1993/11/1,66.1696
1993/12/1,66.5531
1994/1/1,66.7591
1994/2/1,66.8019
1994/3/1,67.4704
1994/4/1,67.8707
1994/5/1,68.187
1994/6/1,68.645
1994/7/1,68.7317
1994/8/1,69.1882
1994/9/1,69.3935
1994/10/1,69.9576
1994/11/1,70.4288
1994/12/1,71.1273
1995/1/1,71.2635
1995/2/1,71.1758
1995/3/1,71.2796
1995/4/1,71.1538
1995/5/1,71.4997
1995/6/1,71.7327
1995/7/1,71.4334
1995/8/1,72.3723
1995/9/1,72.6543
1995/10/1,72.5336
1995/11/1,72.717
1995/12/1,72.9638
1996/1/1,72.5712
1996/2/1,73.6207
1996/3/1,73.5141
1996/4/1,74.2491
1996/5/1,74.8142
1996/6/1,75.3726
1996/7/1,75.3738
1996/8/1,75.7557
1996/9/1,76.2302
1996/10/1,76.2157
1996/11/1,76.8973
1996/12/1,77.3772
1997/1/1,77.5135
1997/2/1,78.4255
1997/3/1,78.9197
1997/4/1,78.9848
1997/5/1,79.4296
1997/6/1,79.7971
1997/7/1,80.4666
1997/8/1,81.2825
1997/9/1,82.0327
1997/10/1,82.7656
1997/11/1,83.427
1997/12/1,83.784
1998/1/1,84.1564
1998/2/1,84.3066
1998/3/1,84.342
1998/4/1,84.6339
1998/5/1,85.1867
1998/6/1,84.6809
1998/7/1,84.3445
1998/8/1,86.0816
1998/9/1,86.0023
1998/10/1,86.591
1998/11/1,86.5115
1998/12/1,86.8615
1999/1/1,87.2205
1999/2/1,87.726
1999/3/1,87.9125
1999/4/1,88.1082
1999/5/1,88.6483
1999/6/1,88.5903
1999/7/1,89.1098
1999/8/1,89.5007
1999/9/1,89.1304
1999/10/1,90.2709
1999/11/1,90.7528
1999/12/1,91.4784
2000/1/1,91.4092
2000/2/1,91.7245
2000/3/1,92.083
2000/4/1,92.6659
2000/5/1,92.9347
2000/6/1,93.0018
2000/7/1,92.8373
2000/8/1,92.591
2000/9/1,92.9827
2000/10/1,92.64
2000/11/1,92.6604
2000/12/1,92.3457
2001/1/1,91.8908
2001/2/1,91.2851
2001/3/1,91.0585
2001/4/1,90.7384
2001/5/1,90.2607
2001/6/1,89.7811
2001/7/1,89.2352
2001/8/1,89.157
2001/9/1,88.6749
2001/10/1,88.4051
2001/11/1,87.886
2001/12/1,87.8518
2002/1/1,88.4634
2002/2/1,88.4578
2002/3/1,89.1265
2002/4/1,89.5507
2002/5/1,89.9348
2002/6/1,90.6736
2002/7/1,90.6436
2002/8/1,90.5505
2002/9/1,90.6373
2002/10/1,90.3988
2002/11/1,90.8947
2002/12/1,90.3906
2003/1/1,91.1369
2003/2/1,91.2505
2003/3/1,91.0006
2003/4/1,90.4311
2003/5/1,90.4
2003/6/1,90.5196
2003/7/1,90.9869
2003/8/1,90.7933
2003/9/1,91.3819
2003/10/1,91.5049
2003/11/1,92.1265
2003/12/1,92.1732
2004/1/1,92.3268
2004/2/1,92.8995
2004/3/1,92.5368
2004/4/1,92.8957
2004/5/1,93.5845
2004/6/1,92.8651
2004/7/1,93.5502
2004/8/1,93.6301
2004/9/1,93.7353
2004/10/1,94.5695
2004/11/1,94.8015
2004/12/1,95.5415
2005/1/1,95.8785
2005/2/1,96.5709
2005/3/1,96.4345
2005/4/1,96.6347
2005/5/1,96.7251
2005/6/1,97.1483
2005/7/1,96.8397
2005/8/1,97.1584
2005/9/1,95.2764
2005/10/1,96.4411
2005/11/1,97.5016
2005/12/1,97.9723
2006/1/1,98.127
2006/2/1,98.1687
2006/3/1,98.3913
2006/4/1,98.6826
2006/5/1,98.7074
2006/6/1,99.0398
2006/7/1,98.9751
2006/8/1,99.4047
2006/9/1,99.2246
2006/10/1,99.1229
2006/11/1,99.0963
2006/12/1,100.1125
2007/1/1,99.7546
2007/2/1,100.7166
2007/3/1,100.8952
2007/4/1,101.5723
2007/5/1,101.6269
2007/6/1,101.6547
2007/7/1,101.4953
2007/8/1,101.6943
2007/9/1,101.9428
2007/10/1,101.6446
2007/11/1,102.2167
2007/12/1,102.2764
2008/1/1,102.1493
2008/2/1,101.7756
2008/3/1,101.4508
2008/4/1,100.7554
2008/5/1,100.1336
2008/6/1,99.8728
2008/7/1,99.4194
2008/8/1,97.8491
2008/9/1,93.5576
2008/10/1,94.4985
2008/11/1,93.2617
2008/12/1,90.6266
2009/1/1,88.3712
2009/2/1,87.843
2009/3/1,86.4689
2009/4/1,85.7903
2009/5/1,84.9436
2009/6/1,84.6746
2009/7/1,85.6853
2009/8/1,86.6393
2009/9/1,87.3821
2009/10/1,87.5809
2009/11/1,87.9388
2009/12/1,88.2404
2010/1/1,89.1897
2010/2/1,89.5046
2010/3/1,90.1356
2010/4/1,90.4607
2010/5/1,91.7014
2010/6/1,91.9033
2010/7/1,92.2549
2010/8/1,92.5936
2010/9/1,92.8533
2010/10/1,92.6033
2010/11/1,92.6686
2010/12/1,93.5916
2011/1/1,93.3889
2011/2/1,93.0045
2011/3/1,93.9684
2011/4/1,93.6571
2011/5/1,93.7723
2011/6/1,94.0493
2011/7/1,94.4958
2011/8/1,95.0974
2011/9/1,95.0244
2011/10/1,95.6891
2011/11/1,95.6778
2011/12/1,96.1809
2012/1/1,96.7595
2012/2/1,97.0662
2012/3/1,96.5609
2012/4/1,97.251
2012/5/1,97.4595
2012/6/1,97.4768
2012/7/1,97.6714
2012/8/1,97.2734
2012/9/1,97.2217
2012/10/1,97.5311
2012/11/1,97.9084
2012/12/1,98.1884
2013/1/1,98.1736
2013/2/1,98.6434
2013/3/1,99.047
2013/4/1,98.9445
2013/5/1,99.0383
2013/6/1,99.2221
2013/7/1,98.8987
2013/8/1,99.4897
2013/9/1,100.021
2013/10/1,99.9037
2013/11/1,100.1582
2013/12/1,100.374
2014/1/1,99.9899
2014/2/1,100.7471
2014/3/1,101.7435
2014/4/1,101.8273
2014/5/1,102.2392
2014/6/1,102.5774
2014/7/1,102.7954
2014/8/1,102.6322
2014/9/1,102.9417
2014/10/1,102.9611
2014/11/1,103.5978
2014/12/1,103.6151
2015/1/1,102.7923
2015/2/1,102.1366
2015/3/1,101.7869
2015/4/1,101.2255
2015/5/1,100.7675
2015/6/1,100.4588
2015/7/1,101.0893
2015/8/1,100.9165
2015/9/1,100.633
2015/10/1,100.1563
2015/11/1,99.4366
2015/12/1,98.9471
2016/1/1,99.4391
2016/2/1,98.9232
2016/3/1,98.1635
2016/4/1,98.4775
2016/5/1,98.2549
2016/6/1,98.7315
2016/7/1,98.8452
2016/8/1,98.7427
2016/9/1,98.6552
2016/10/1,98.7237
2016/11/1,98.3443
2016/12/1,99.0406
2017/1/1,98.8158
2017/2/1,98.4356
2017/3/1,99.0492
2017/4/1,100.0416
2017/5/1,100.128
2017/6/1,100.337
2017/7/1,100.0865
2017/8/1,99.6323
2017/9/1,99.7482
2017/10/1,100.9893
2017/11/1,101.2493
2017/12/1,101.4871
2018/1/1,101.4852
2018/2/1,101.7319
2018/3/1,102.1943
2018/4/1,103.3551
2018/5/1,102.381
2018/6/1,103.2256
2018/7/1,103.3561
2018/8/1,104.0585
2018/9/1,104.1038
2018/10/1,103.9297
2018/11/1,104.0126
2018/12/1,104.0451
2019/1/1,103.3598
2019/2/1,102.8251
2019/3/1,102.8361
2019/4/1,102.2748
2019/5/1,102.4176
2019/6/1,102.5425
2019/7/1,102.0057
2019/8/1,102.7814
2019/9/1,102.4601
2019/10/1,101.5878
2019/11/1,102.1494
2019/12/1,101.9421
2020/1/1,101.3372
2020/2/1,101.6718
2020/3/1,97.606
2020/4/1,84.6812
2020/5/1,86.0108
2020/6/1,91.6745
2020/7/1,95.0037
2020/8/1,95.9294
2020/9/1,95.8914
2020/10/1,96.5256
2020/11/1,96.9529
2020/12/1,98.2039
2021/1/1,98.8135
2021/2/1,95.5072
2021/3/1,98.1929
2021/4/1,98.3317
2021/5/1,99.1867
2021/6/1,99.6483
2021/7/1,100.0668
2021/8/1,100.0412
2021/9/1,98.9955
2021/10/1,100.3542
2021/11/1,101.2684
2021/12/1,101.1948
2022/1/1,101.2146
2022/2/1,101.8458
2022/3/1,102.6732
2022/4/1,102.9024
2022/5/1,102.9659
2022/6/1,102.8224
2022/7/1,103.0505
2022/8/1,103.1703
2022/9/1,103.5326
2022/10/1,103.4442
2022/11/1,103.1058
2022/12/1,101.8266
2023/1/1,102.7476
2023/2/1,102.8003
2023/3/1,102.8143
2023/4/1,103.2241
2023/5/1,102.9809
2023/6/1,102.3809
2023/7/1,103.0722
2023/8/1,103.0951
2023/9/1,103.3081
2023/10/1,102.5781
2023/11/1,102.8868
2023/12/1,102.6309
2024/1/1,101.483
2024/2/1,102.7267
2024/3/1,102.5186
2024/4/1,102.3568
2024/5/1,102.9797
2024/6/1,103.2534
2024/7/1,102.534
2024/8/1,103.0831
2024/9/1,102.5283
2024/10/1,102.1123
2024/11/1,101.9621